Unnamed: 9,Unnamed: 10,Unnamed: 11,Printed 03/10/2024 09:19:58,Unnamed: 13,Unnamed: 14,Unnamed: 15,Unnamed: 16
,,,,,,,
,,,Page 1 of 13,,,,
,,,,,,,
,,,,,,,
,,,,,,,
,,,,,,,
,,,,,,,
,,,,,,,
,,,,,,,
,-3.96  SKIRMISH/BSHOP,,,,,,
6040662,,BALLISTIC HAWAII HAZE CAN SGL,,,,,8
,,,,,,,
,-3.96  SKIRMISH/BSHOP,,,,,,
,,,,,,,
,,,,,,,
6040521,,BLACKFLAG RAGE MACHINE CAN SGL,,,,,8
,,,,,,,
,-3.96  SKIRMISH/BSHOP,,,,,,
,,,,,,,
6040887,,BREWDOG ELVIS GF IPA CAN SGL,,,,,8.5
,,,,,,,
,-4.21  SKIRMISH/BSHOP,,,,,,
,,,,,,,
6040918,,BENTSPOKE SPROCKET CAN SGL,,,,,9.5
,,,,,,,
,,,,,,,
,-4.70  SKIRMISH/BSHOP,,,,,,
,,,,,,,
6040931,,BRIGHT BLOWHARD PALE CAN SGL,,,,,6
,,,,,,,
,,,,,,,
,,,,,,,
,-2.97  SKIRMISH/BSHOP,,,,,,
,,,,,,,
6040878,,YOUNG HENRYS HAZY PALE CAN SGL,,,,,8
,,,,,,,
,-3.96  SKIRMISH/BSHOP,,,,,,
,,,,,,,
6040502,,BROUHAHA H/LAND PALE CAN SGL,,,,,8
,,,,,,,
,-3.96  SKIRMISH/BSHOP,,,,,,
,,,,,,,
6040887,,BREWDOG ELVIS GF IPA CAN SGL,,,,,8.5
,,,,,,,
,-4.21  SKIRMISH/BSHOP,,,,,,
,,,,,,,
,,,,,,,
,BRIGHT BLOWHARD PALE CAN SGL,,,,,6.0,
,-2.97  SKIRMISH/BSHOP,,,,,,
6040918,,BENTSPOKE SPROCKET CAN SGL,,,,,9.5
,-4.70  SKIRMISH/BSHOP,,,,,,
,YOUNG HENRYS HAZY PALE CAN SGL,,,,,8.0,
,-3.96  SKIRMISH/BSHOP,,,,,,
,BROUHAHA H/LAND PALE CAN SGL,,,,,8.0,
,-3.96  SKIRMISH/BSHOP,,,,,,
,BLACKFLAG RAGE MACHINE CAN SGL,,,,,8.0,
,,,,,,,
,-3.96  SKIRMISH/BSHOP,,,,,,
,SKIRMISH/BSHOP,,,,,-70.53,
,GST Subtotal,,,,,71.97,
,GST Amount,,,,,6.54,
,EFTPOS,,,,,71.97,
,,,,,,,
,,,,,,,
2022-12-13 10:47:38,,,202,191846,TODD K,,
,,,,,,,
6020100,,HAHN SUPER DRY 3.5 BLOCK,,,,,59.99
,GST Subtotal,,,,,59.99,
,GST Amount,,,,,5.45,
,EFTPOS,,,,,59.99,
,,,,,,,
2022-12-13 10:49:52,,,201,615972,TODD K,,
,,,,,,,
,,,,,,,
,XXXX DRY CAN 6PK,,,,,12.0,
,GST Subtotal,,,,,12.0,
,GST Amount,,,,,1.09,
,CASH,,,,,12.0,
,,,,,,,
2022-12-13 10:56:51,,,202,191847,TODD K,,
,,,,,,,
,,,,,,,
,GREAT NTHN ORIGINAL STUB 6PK,,,,,19.490000000000002,
,ROUNDING,,,,,0.01,
,GST Subtotal,,,,,19.490000000000002,
,GST Amount,,,,,1.77,
,CASH,,,,,20.0,
,Change,,,,,0.5,
,,,,,,,
2022-12-13 10:58:18,,,201,615973,TODD K,,
,,,,,,,
6310553,,WTURKEY RARE/COLA 8% CAN EA,,,,,10.5
,,,,,,,
,GST Subtotal,,,,,10.5,
,,,,,,,
,,,,,,,
,GST Amount,,,,,0.9500000000000001,
,EFTPOS,,,,,10.5,
,,,,,,,
2022-12-13 11:03:33,,,201,615974,TODD K,,
,,,,,,,
6310258,,JDANIEL DBL JACK CAN EA,,,,,
,,,,,,,
,,,,2,,18.0,
,GST Subtotal,,,,,18.0,
,,,,,,,
,GST Amount,,,,,1.6400000000000001,
,,,,,,,
,EFTPOS,,,,,18.0,
,,,,,,,
,,,,,,,
2022-12-13 11:04:34,,,202,191848,TODD K,,
,,,,,,,
6310196,,JBEAM COLA 4.8% CAN  6PK,,,,,28.990000000000002
,,,,,,,
,GST Subtotal,,,,,28.990000000000002,
,,,,,,,
,GST Amount,,,,,2.64,
,,,,,,,
,EFTPOS,,,,,28.990000000000002,
,,,,,,,
,,,,,,,
,,,,,,,
2022-12-13 11:15:08,,,202,191849,TODD K,,
,,,,,,,
6310500,,WSTOCK COLA 4.8% 375ML CAN 6PK,,,,,24.990000000000002
,,,,,,,
8886,,-3.00  WSTOCK 4.8% 6PK $21.99,,,,,
,,,,,,,
6020035,,XXXX GOLD CAN 6PK,,,,,10
,,,,,,,
8886,,WSTOCK 4.8% 6PK $21.99,,,,,-3
,,,,,,,
,,,,,,,
,ROUNDING,,,,,0.01,
,,,,,,,
,GST Subtotal,,,,,31.990000000000002,
,,,,,,,
,GST Amount,,,,,2.91,
,,,,,,,
VOID,,,,,,,
,,,,,,,
,XXXX GOLD 750ML EA,,,,,7.0,
,,,,,,,
,CASH,,,,,32.0,
,,,,,,,
,,,,,,,
,,,,,,,
2022-12-13 11:17:25,,,201,615975,TODD K,,
,,,,,,,
6410340,,PETER LEHMANN PORTRAIT ROSE,,,,,19.990000000000002
,,,,,,,
6765,,-4.99  P49 1 FOR $15.00,,,,,
,,,,,,,
,,,,,,,
6765,,P49 1 FOR $15.00,,,,,-4.99
,,,,,,,
,GST Subtotal,,,,,15.0,
,,,,,,,
,GST Amount,,,,,1.36,
,,,,,,,
VOID,,,,,,,
,,,,,,,
6410213,,JACOBS CK LE PETIT ROSE 750ML,,,,,17.990000000000002
,,,,,,,
,,,,,,,
,EFTPOS,,,,,15.0,
,,,,,,,
,,,,,,,
2022-12-13 11:23:22,,,202,191850,TODD K,,
,,,,,,,
6020018,,XXXX GOLD STUB CTN,,,,,49.99
,,,,,,,
8335,,-2.99  P43 1 FOR $47.00,,,,,
,,,,,,,
8335,,P43 1 FOR $47.00,,,,,-2.99
,,,,,,,
,GST Subtotal,,,,,47.0,
,,,,,,,
,GST Amount,,,,,4.2700000000000005,
,,,,,,,
,EFTPOS,,,,,47.0,
,,,,,,,
,,,,,,,
2022-12-13 11:26:14,,,201,615976,TODD K,,
,,,,,,,
,,,,,,,
2022-12-13 12:00:59,,,202,191858,TRACEY LANGE,,
,,,,,,,
6311187,,GOOD TIDES MIXED 10PK,,,,,38.99
,,,,,,,
,5% BSHOP L.LEGEND,,,,,-1.95,
,,,,,,,
6410080,,TAYLORS EST PINOT NOIR,,,,,21.990000000000002
,,,,,,,
6638,,-5.99  P49 1 FOR $16.00,,,,,
,,,,,,,
6410080,,TAYLORS EST PINOT NOIR,,,,,21.990000000000002
,,,,,,,
,-5.99  P49 1 FOR $16.00,,,,,,
,,,,,,,
6638,,P49 1 FOR $16.00,,,,,
,,,,,,,
,,,,2,,-11.98,
,,,,,,,
,GST Subtotal,,,,,69.04,
,,,,,,,
,GST Amount,,,,,6.28,
,,,,,,,
,EFTPOS,,,,,69.04,
,,,,,,,
,,,,,,,
2022-12-13 12:05:14,,,202,191859,TODD K,,
,,,,,,,
6310495,,WSTOCK COLA 12% CAN 4PK,,,,,22.990000000000002
,,,,,,,
8885,,-1.00  WSTOCK 12% 4PK $21.99,,,,,
,,,,,,,
,SCHULTES CHILLI JERKY 50GM,,,,,7.99,
,,,,,,,
8885,,WSTOCK 12% 4PK $21.99,,,,,-1
,,,,,,,
,GST Subtotal,,,,,29.98,
,,,,,,,
,GST Amount,,,,,2.73,
,,,,,,,
,EFTPOS,,,,,29.98,
,,,,,,,
,,,,,,,
2022-12-13 12:05:53,,,201,615980,TRACEY LANGE,,
,,,,,,,
6030158,,GREAT NTHN ORIGINAL CAN 6PK,,,,,17.490000000000002
,,,,,,,
,-1.06  SKIRMISH/BSHOP,,,,,,
,,,,,,,
6311143,,BILLSONS VODKA CAN 4PK,,,,,22.990000000000002
,,,,,,,
,-1.39  SKIRMISH/BSHOP,,,,,,
,,,,,,,
6311142,,BILLSONS VODKA CAN SGL,,,,,8
,,,,,,,
,-0.48  SKIRMISH/BSHOP,,,,,,
,,,,,,,
6311270,,FIREBALL APPLE 6.6% CAN SGL,,,,,9.5
,,,,,,,
,,,,,,,
,,,,,,,
,-0.57  SKIRMISH/BSHOP,,,,,,
,,,,,,,
,SKIRMISH/BSHOP,,,,,-3.5,
,,,,,,,
,ROUNDING,,,,,0.02,
,,,,,,,
,GST Subtotal,,,,,54.480000000000004,
,,,,,,,
,GST Amount,,,,,4.95,
,,,,,,,
,CASH,,,,,100.0,
,,,,,,,
,Change,,,,,45.5,
,,,,,,,
,,,,,,,
,,,,,,,
2022-12-13 12:08:19,,,201,615981,TODD K,,
,,,,,,,
6020091,,J SQUIRE 150 BTL,,,,,
,,,,,,,
,,,,2,,10.0,
,,,,,,,
,10% Item Discount 4,,,,,-1.0,
,,,,,,,
6410686,,CHEMIN DES SABLES ROSE,,,,,13.99
,,,,,,,
8328,,-0.99  P43 1 FOR $13.00,,,,,
,,,,,,,
6410686,,CHEMIN DES SABLES ROSE,,,,,13.99
,,,,,,,
8328,,-0.99  P43 1 FOR $13.00,,,,,
,,,,,,,
6410686,,CHEMIN DES SABLES ROSE,,,,,13.99
,,,,,,,
8328,,-0.99  P43 1 FOR $13.00,,,,,
,,,,,,,
8328,,P43 1 FOR $13.00,,,,,
,,,,,,,
,,,,3,,-2.97,
,,,,,,,
,GST Subtotal,,,,,48.0,
,,,,,,,
,GST Amount,,,,,4.36,
,,,,,,,
,,,,,,,
,EFTPOS,,,,,48.0,
,,,,,,,
,,,,,,,
2022-12-13 12:18:08,,,202,191860,TODD K,,
,,,,,,,
,GREAT NTHN MID 30 BLOCK,,,,,60.99,
,,,,,,,
6621,,-6.99  P49 1 FOR $54.00,,,,,
,,,,,,,
6621,,P49 1 FOR $54.00,,,,,-6.99
,,,,,,,
,GST Subtotal,,,,,54.0,
,,,,,,,
,GST Amount,,,,,4.91,
,,,,,,,
,EFTPOS,,,,,54.0,
,,,,,,,
,,,,,,,
,,,,,,,
2022-12-13 12:18:33,,,202,191861,TRACEY LANGE,,
,,,,,,,
6310443,,UDL CAN 6PK,,,,,25.990000000000002
,,,,,,,
6310258,,JDANIEL DBL JACK CAN EA,,,,,9.5
,,,,,,,
,GST Subtotal,,,,,35.49,
,,,,,,,
,GST Amount,,,,,3.23,
,,,,,,,
,EFTPOS,,,,,35.49,
,,,,,,,
,,,,,,,
,,,,,,,
2022-12-13 12:20:07,,,202,191862,TRACEY LANGE,,
,,,,,,,
6020035,,XXXX GOLD CAN 6PK,,,,,10
,,,,,,,
,GST Subtotal,,,,,10.0,
,,,,,,,
,GST Amount,,,,,0.91,
,,,,,,,
,EFTPOS,,,,,10.0,
,,,,,,,
,,,,,,,
2022-12-13 12:21:13,,,202,191863,TRACEY LANGE,,
,,,,,,,
6030179,,MILLER CHILL BLOOD OR STUB CTN,,,,,51.99
,,,,,,,
,-3.99  SKIRMISH/BSHOP,,,,,,
,,,,,,,
,SKIRMISH/BSHOP,,,,,-3.99,
,,,,,,,
,GST Subtotal,,,,,48.0,
,,,,,,,
,GST Amount,,,,,4.36,
,,,,,,,
,CASH,,,,,50.0,
,,,,,,,
,Change,,,,,2.0,
,,,,,,,
,,,,,,,
2022-12-13 12:21:48,,,202,191864,TRACEY LANGE,,
,,,,,,,
6310338,,NED WHISKY COLA 6% CAN 4PK,,,,,21.990000000000002
,,,,,,,
8364,,1.01  P43 1 FOR $23.00,,,,,
,,,,,,,
8364,,P43 1 FOR $23.00,,,,,1.01
,,,,,,,
,GST Subtotal,,,,,23.0,
,,,,,,,
,GST Amount,,,,,2.09,
,,,,,,,
,EFTPOS,,,,,23.0,
,,,,,,,
,,,,,,,
2022-12-13 12:27:38,,,202,191865,TODD K,,
,,,,,,,
6030101,,GREAT NTHN MID 700ML,,,,,7
,,,,,,,
,GST Subtotal,,,,,7.0,
,,,,,,,
,GST Amount,,,,,0.64,
,,,,,,,
,EFTPOS,,,,,7.0,
,,,,,,,
,,,,,,,
,,,,,,,
2022-12-13 12:30:14,,,201,615982,TODD K,,
,,,,,,,
6030076,,GREAT NTHN MID 30 BLOCK,,,,,60.99
,,,,,,,
6621,,-6.99  P49 1 FOR $54.00,,,,,
,,,,,,,
6621,,P49 1 FOR $54.00,,,,,-6.99
,,,,,,,
,GST Subtotal,,,,,54.0,
,,,,,,,
,GST Amount,,,,,4.91,
,,,,,,,
,,,,,,,
8373,,-3.99  P43 1 FOR $12.00,,,,,
,XXXX DRY CAN 6PK,,,,,12.0,
,,,,,,,
8373,,P43 1 FOR $12.00,,,,,-3.99
,,,,,,,
,GST Subtotal,,,,,24.0,
,,,,,,,
,GST Amount,,,,,2.18,
,,,,,,,
,EFTPOS,,,,,24.0,
,,,,,,,
,,,,,,,
2022-12-13 13:12:20,,,202,191872,TODD K,,
,,,,,,,
6420043,,G BURGE PINOT NOIR CHARD SPK,,,,,31.990000000000002
6660,,-11.99  P49 1 FOR $20.00,,,,,
6030061,,CORONA MEX STUB CTN,,,,,66.99
,-4.99  P43 1 FOR $62.00,,,,,,
,,,,,,,
8345,,P43 1 FOR $62.00,,,,,-4.99
,,,,,,,
6660,,P49 1 FOR $20.00,,,,,-11.99
,,,,,,,
,GST Subtotal,,,,,82.0,
,,,,,,,
,GST Amount,,,,,7.45,
,,,,,,,
,EFTPOS,,,,,82.0,
,,,,,,,
,,,,,,,
,,,,,,,
2022-12-13 13:13:48,,,202,191873,TODD K,,
,,,,,,,
6030061,,CORONA MEX STUB CTN,,,,,66.99
,,,,,,,
8345,,-4.99  P43 1 FOR $62.00,,,,,
,,,,,,,
8345,,P43 1 FOR $62.00,,,,,-4.99
,,,,,,,
,GST Subtotal,,,,,62.0,
,,,,,,,
,,,,,,,
,GST Amount,,,,,5.64,
,,,,,,,
,CASH,,,,,62.0,
,,,,,,,
,,,,,,,
,,,,,,,
,,,,,,,
2022-12-13 13:14:11,,,202,191874,TODD K,,
,,,,,,,
6030061,,CORONA MEX STUB CTN,,,,,66.99
,,,,,,,
8345,,-4.99  P43 1 FOR $62.00,,,,,
,,,,,,,
,,,,,,,
8345,,P43 1 FOR $62.00,,,,,-4.99
,,,,,,,
,GST Subtotal,,,,,62.0,
,,,,,,,
,GST Amount,,,,,5.64,
,,,,,,,
,EFTPOS,,,,,62.0,
,,,,,,,
,,,,,,,
2022-12-13 13:15:04,,,202,191875,TODD K,,
,,,,,,,
6030061,,CORONA MEX STUB CTN  *REFUND*,,,,,-66.99
,,,,,,,
8345,,4.99  P43 1 FOR $62.00,,,,,
,,,,,,,
,,,,,,,
8345,,P43 1 FOR $62.00,,,,,4.99
,,,,,,,
,GST Subtotal,,,,,-62.0,
,,,,,,,
,GST Amount,,,,,-5.64,
,,,,,,,
,CASH,,,,,-62.0,
,,,,,,,
,Change,,,,,-62.0,
,,,,,,,
,,,,,,,
2022-12-13 13:15:49,,,202,191876,TODD K,,
,,,,,,,
6310107,,BUNDY UP/COLA 640ML EA,,,,,11
,,,,,,,
,,,,,,,
,XXXX GOLD CAN 6PK,,,,,10.0,
,,,,,,,
6020035,,XXXX GOLD CAN 6PK,,,,,10
,,,,,,,
,,,,,,,
,,,,,,,
,BANROCK STN 1000 ROSE,,,,,11.49,
,,,,,,,
,GST Subtotal,,,,,42.49,
,,,,,,,
,,,,,,,
,,,,,,,
,GST Amount,,,,,3.86,
,,,,,,,
,EFTPOS,,,,,42.49,
,,,,,,,
,,,,,,,
2022-12-13 13:17:04,,,201,615991,TODD K,,
,,,,,,,
,,,,,,,
6020040,,TOOHEYS EXTRA DRY STUB CTN,,,,,51.99
,,,,,,,
,5% BSHOP L.LEGEND,,,,,-2.6,
,,,,,,,
,GST Subtotal,,,,,49.39,
,,,,,,,
,GST Amount,,,,,4.49,
,,,,,,,
,EFTPOS,,,,,49.39,
,,,,,,,
,,,,,,,
2022-12-13 13:18:35,,,202,191877,TODD K,,
,,,,,,,
NS1,,NO SALE,,,,,0
,,,,,,,
,,,,,,,
,,,,,,,
2022-12-13 13:20:21,,,202,191878,TODD K,,
,,,,,,,
6030159,,CARL DRY 750ML SGL,,,,,7.5
,,,,,,,
,GST Subtotal,,,,,7.5,
,,,,,,,
,GST Amount,,,,,0.68,
,,,,,,,
,EFTPOS,,,,,7.5,
,,,,,,,
,,,,,,,
,,,,,,,
2022-12-13 13:24:54,,,201,615992,TODD K,,
,,,,,,,
6310530,,WTURKEY 101 CAN 4PK,,,,,28.990000000000002
,,,,,,,
,GST Subtotal,,,,,28.990000000000002,
,,,,,,,
,GST Amount,,,,,2.64,
,,,,,,,
,EFTPOS,,,,,28.990000000000002,
,,,,,,,
,,,,,,,
2022-12-13 13:26:35,,,202,191879,TODD K,,
,,,,,,,
,BUNDY OP/COLA 6.0% CAN EA,,,,,8.5,
,,,,,,,
,GST Subtotal,,,,,8.5,
,,,,,,,
,GST Amount,,,,,0.77,
,,,,,,,
,EFTPOS,,,,,8.5,
,,,,,,,
,,,,,,,
2022-12-13 13:26:51,,,202,191880,TODD K,,
,,,,,,,
6020016,,XXXX BITTER STUB 6PK,,,,,19.990000000000002
,GST Subtotal,,,,,19.990000000000002,
,,,,,,,
,GST Amount,,,,,1.82,
,,,,,,,
,EFTPOS,,,,,19.990000000000002,
,,,,,,,
,,,,,,,
2022-12-13 13:28:15,,,202,191881,TODD K,,
,,,,,,,
6030101,,GREAT NTHN MID 700ML,,,,,7
,GST Subtotal,,,,,7.0,
,GST Amount,,,,,0.64,
,EFTPOS,,,,,7.0,
,,,,,,,
2022-12-13 13:29:18,,,202,191882,TODD K,,
,,,,,,,
6310066,,BUNDY COLA 8% CAN 4PK,,,,,26.990000000000002
,,,,,,,
,,,,,,,
,XXXX GOLD CAN CTN 30PK,,,,,54.99,
6020037,,XXXX GOLD CAN CTN 30PK,,,,,54.99
,ROUNDING,,,,,-0.02,
,GST Subtotal,,,,,136.97,
,GST Amount,,,,,12.450000000000001,
,CASH,,,,,150.0,
,Change,,,,,13.05,
,,,,,,,
,,202,191883,TODD K,,,
6030078,,GREAT NTHN MID CAN 6PK,,,,,15.99
6030046,,CARL DRY BTL CTN,,,,,57.99
6628,,-9.99  P49 1 FOR $48.00,,,,,
6628,,P49 1 FOR $48.00,,,,,-9.99
,GST Subtotal,,,,,48.0,
,GST Amount,,,,,4.36,
,CASH,,,,,50.0,
,Change,,,,,2.0,
,,,,,,,
,,,,,,,
2022-12-13 13:50:21,,,202,191897,TODD K,,
,,,,,,,
6020035,,XXXX GOLD CAN 6PK,,,,,10
6020035,,XXXX GOLD CAN 6PK,,,,,10
,GST Subtotal,,,,,20.0,
,GST Amount,,,,,1.82,
,CASH,,,,,50.0,
,Change,,,,,30.0,
,,,,,,,
,,202,191898,TODD K,,,
NS1,,NO SALE,,,,,0
,,,,,,,
2022-12-13 13:52:22,,,201,615994,TRACEY LANGE,,
,,,,,,,
6020035,,XXXX GOLD CAN 6PK,,,,,10
,,,,,,,
,GST Subtotal,,,,,10.0,
,,,,,,,
,,,,,,,
,GST Amount,,,,,0.91,
,EFTPOS,,,,,10.0,
,,,,,,,
2022-12-13 13:52:56,,,202,191899,TODD K,,
,,,,,,,
6310925,,NED WHISKY COLA 8% CAN 4PK,,,,,27.990000000000002
,,,,,,,
,ROUNDING,,,,,0.01,
,,,,,,,
,,,,,,,
,GST Subtotal,,,,,27.990000000000002,
,GST Amount,,,,,2.54,
,CASH,,,,,30.0,
,Change,,,,,2.0,
,,,,,,,
2022-12-13 13:56:23,,,202,191900,TODD K,,
,,,,,,,
6030078,,GREAT NTHN MID CAN 6PK,,,,,15.99
,,,,,,,
,ROUNDING,,,,,0.01,
,,,,,,,
,,,,,,,
,GST Subtotal,,,,,15.99,
,GST Amount,,,,,1.45,
,CASH,,,,,20.0,
,Change,,,,,4.0,
,,,,,,,
2022-12-13 14:01:08,,,202,191901,TODD K,,
,,,,,,,
6020176,,XXXX DRY CAN 6PK,,,,,12
,,,,,,,
,,,,,,,
,GST Subtotal,,,,,12.0,
,GST Amount,,,,,1.09,
,CASH,,,,,15.0,
,Change,,,,,3.0,
,,,,,,,
2022-12-13 14:01:32,,,202,191902,TODD K,,
,,,,,,,
6020053,,GUINNESS CAN EA,,,,,6.5
,,,,,,,
,GST Subtotal,,,,,6.5,
,,,,,,,
,,,,,,,
,GST Amount,,,,,0.59,
,EFTPOS,,,,,6.5,
,,,,,,,
2022-12-13 14:03:17,,,201,615995,TODD K,,
,,,,,,,
6311143,,BILLSONS VODKA CAN 4PK,,,,,
,,,,,,,
,,,,4,,91.96000000000001,
,ROUNDING,,,,,-0.01,
,,,,,,,
,,,,,,,
,GST Subtotal,,,,,91.96000000000001,
,GST Amount,,,,,8.36,
,CASH,,,,,100.0,
,Change,,,,,8.05,
,,,,,,,
2022-12-13 14:03:42,,,201,615996,TODD K,,
,,,,,,,
NS1,,NO SALE,,,,,0
,,,,,,,
,,,,,,,
2022-12-13 14:04:44,,,201,615997,TODD K,,
,,,,,,,
NS1,,NO SALE,,,,,0
,,,,,,,
,,,,,,,
2022-12-13 14:06:03,,,201,615998,TRACEY LANGE,,
,,,,,,,
,,,,,,,
6040321,,YOUNG HENRYS NEWTOWN CAN 6PK,,,,,24.990000000000002
,,,,,,,
,GST Subtotal,,,,,24.990000000000002,
,,,,,,,
,GST Amount,,,,,2.27,
,,,,,,,
,EFTPOS,,,,,24.990000000000002,
,,,,,,,
,,,,,,,
2022-12-13 14:07:28,,,202,191903,TODD K,,
,,,,,,,
6020037,,XXXX GOLD CAN CTN 30PK,,,,,53.99
,,,,,,,
,,,,,,,
,-3.99  SKIRMISH/BSHOP,,,,,,
,,,,,,,
,SKIRMISH/BSHOP,,,,,-3.99,
,,,,,,,
,GST Subtotal,,,,,50.0,
,,,,,,,
,GST Amount,,,,,4.55,
,,,,,,,
,EFTPOS,,,,,50.0,
,,,,,,,
,,,,,,,
2022-12-13 14:07:30,,,201,615999,TRACEY LANGE,,
,,,,,,,
6210577,,FIREBALL XMAS ORNAMENT 6PK,,,,,39.99
,,,,,,,
,,,,,,,
,10% Item Discount 4,,,,,-4.0,
,,,,,,,
6210577,,FIREBALL XMAS ORNAMENT 6PK,,,,,39.99
,,,,,,,
,10% Item Discount 4,,,,,-4.0,
,,,,,,,
,GST Subtotal,,,,,71.98,
,,,,,,,
,GST Amount,,,,,6.54,
,,,,,,,
,EFTPOS,,,,,71.98,
,,,,,,,
,,,,,,,
2022-12-13 14:10:42,,,202,191904,TODD K,,
,,,,,,,
,,,,,,,
6310870,,BROOKVALE LEM LIME BTR CAN 6PK,,,,,26.990000000000002
,,,,,,,
5835,,-1.99  P43 1 FOR $25.00,,,,,
,,,,,,,
5835,,P43 1 FOR $25.00,,,,,-1.99
,,,,,,,
,GST Subtotal,,,,,25.0,
,,,,,,,
,GST Amount,,,,,2.27,
,,,,,,,
,CASH,,,,,40.0,
,,,,,,,
,,,,,,,
,Change,,,,,15.0,
,,,,,,,
,,,,,,,
2022-12-13 14:11:32,,,202,191905,TODD K,,
,,,,,,,
6020002,,LITTLE CREATURES 568ML SGL,,,,,8
,,,,,,,
,GST Subtotal,,,,,8.0,
,,,,,,,
,GST Amount,,,,,0.73,
,,,,,,,
,,,,,,,
,,,,,,,
2022-12-13 14:43:11,,,202,191916,TODD K,,
,,,,,,,
,MERCURY HARD CIDER 10PK,,,,,32.99,
,,,,,,,
6700,,-4.99  P49 1 FOR $28.00,,,,,
,,,,,,,
6700,,P49 1 FOR $28.00,,,,,-4.99
,,,,,,,
,GST Subtotal,,,,,28.0,
,,,,,,,
,GST Amount,,,,,2.5500000000000003,
,,,,,,,
,EFTPOS,,,,,28.0,
,,,,,,,
,,,,,,,
,,,,,,,
2022-12-13 14:44:05,,,202,191917,TODD K,,
,,,,,,,
6020035,,XXXX GOLD CAN 6PK,,,,,10
,,,,,,,
,GST Subtotal,,,,,10.0,
,,,,,,,
,GST Amount,,,,,0.91,
,,,,,,,
,EFTPOS,,,,,10.0,
,,,,,,,
,,,,,,,
,,202,191918,TODD K,,,
,,,,,,,
6100219,,MERCURY HARD CIDER BC CAN 6PK,,,,,20.990000000000002
,,,,,,,
,GST Subtotal,,,,,20.990000000000002,
,,,,,,,
,GST Amount,,,,,1.9100000000000001,
,,,,,,,
,EFTPOS,,,,,20.990000000000002,
,,,,,,,
,,,,,,,
2022-12-13 14:44:58,,,202,191919,TODD K,,
,,,,,,,
6040003,,COOPERS MILD ALE BTL SGL,,,,,4.5
,,,,,,,
,COOPERS MILD ALE BTL SGL,,,,,4.5,
,,,,,,,
,GST Subtotal,,,,,9.0,
,,,,,,,
,GST Amount,,,,,0.8200000000000001,
,,,,,,,
,EFTPOS,,,,,9.0,
,,,,,,,
,,,,,,,
2022-12-13 14:46:41,,,202,191920,TODD K,,
,,,,,,,
6410011,,HARDYS VR MERLOT 1LTR,,,,,11.99
,,,,,,,
6410011,,HARDYS VR MERLOT 1LTR,,,,,11.99
,,,,,,,
6410011,,HARDYS VR MERLOT 1LTR,,,,,11.99
,,,,,,,
6400014,,HARDYS VR SAUV BLANC 1LTR,,,,,11.99
,,,,,,,
6400014,,HARDYS VR SAUV BLANC 1LTR,,,,,11.99
,,,,,,,
6400014,,HARDYS VR SAUV BLANC 1LTR,,,,,11.99
,,,,,,,
,GST Subtotal,,,,,71.94,
,,,,,,,
,GST Amount,,,,,6.54,
,,,,,,,
,EFTPOS,,,,,71.94,
,,,,,,,
,,,,,,,
2022-12-13 14:47:52,,,202,191921,TODD K,,
,,,,,,,
6030098,,GREAT NTHN ORIGINAL 700ML EA,,,,,
,,,,,,,
,,,,2,,16.0,
,GST Subtotal,,,,,16.0,
,,,,,,,
,,,,,,,
,GST Amount,,,,,1.45,
,,,,,,,
VOID,,,,,,,
,,,,,,,
6410011,,HARDYS VR MERLOT 1LTR,,,,,10.99
,,,,,,,
,CASH,,,,,50.0,
,,,,,,,
,Change,,,,,34.0,
,,,,,,,
,,,,,,,
2022-12-13 14:49:22,,,201,616003,TODD K,,
,,,,,,,
6020037,,XXXX GOLD CAN CTN 30PK,,,,,53.99
,,,,,,,
,-3.99  SKIRMISH/BSHOP,,,,,,
,,,,,,,
,SKIRMISH/BSHOP,,,,,-3.99,
,,,,,,,
,,,,,,,
,GST Subtotal,,,,,50.0,
,,,,,,,
,GST Amount,,,,,4.55,
,,,,,,,
,EFTPOS,,,,,50.0,
,,,,,,,
,,,,,,,
2022-12-13 14:49:46,,,202,191922,TODD K,,
,,,,,,,
6310379,,SMIRN RED 4.5% CAN EA,,,,,7.5
,,,,,,,
,,,,,,,
,5% BSHOP L.LEGEND,,,,,-0.38,
,,,,,,,
6420076,,YELLOWGLEN YELLOW SPARKLING,,,,,12.99
,,,,,,,
,5% BSHOP L.LEGEND,,,,,-0.65,
,,,,,,,
,GST Subtotal,,,,,19.46,
,,,,,,,
,GST Amount,,,,,1.77,
,,,,,,,
,EFTPOS,,,,,19.46,
,,,,,,,
,,,,,,,
2022-12-13 14:50:15,,,202,191923,TODD K,,
,,,,,,,
,,,,,,,
6450048,,YALUMBA RSV MERLOT 2LT,,,,,14.99
,,,,,,,
8281,,-0.99  P43 1 FOR $14.00,,,,,
,,,,,,,
8281,,P43 1 FOR $14.00,,,,,-0.99
,,,,,,,
,GST Subtotal,,,,,14.0,
,,,,,,,
,GST Amount,,,,,1.27,
,,,,,,,
VOID,,,,,,,
,,,,,,,
,5% BSHOP L.LEGEND,,,,,-0.75,
,,,,,,,
VOID,,,,,,,
,,,,,,,
,10% Item Discount 4,,,,,-1.5,
,,,,,,,
,CASH,,,,,14.0,
,,,,,,,
,,,,,,,
2022-12-13 14:52:01,,,202,191924,TODD K,,
,,,,,,,
,COOPERS EX STOUT TALLY 750ML,,,,,9.0,
,,,,,,,
,GST Subtotal,,,,,9.0,
,,,,,,,
,GST Amount,,,,,0.8200000000000001,
,,,,,,,
,EFTPOS,,,,,9.0,
,,,,,,,
,,,,,,,
2022-12-13 14:52:50,,,202,191925,TODD K,,
,,,,,,,
,YELLOW TAIL PINOT GRIGIO,,,,,11.99,
,,,,,,,
8314,,-2.39  P43 1 FOR $9.00,,,,,
,,,,,,,
,5% BSHOP L.LEGEND,,,,,-0.6,
,,,,,,,
6310530,,WTURKEY 101 CAN 4PK,,,,,28.990000000000002
,,,,,,,
,5% BSHOP L.LEGEND,,,,,-1.45,
,,,,,,,
8314,,P43 1 FOR $9.00,,,,,-2.39
,,,,,,,
,GST Subtotal,,,,,36.54,
,,,,,,,
,GST Amount,,,,,3.3200000000000003,
,,,,,,,
,,,,,,,
,EFTPOS,,,,,36.54,
,,,,,,,
,,,,,,,
2022-12-13 14:53:14,,,201,616004,TODD K,,
,,,,,,,
6200100,,LFL 28 SHOTS BUCKET,,,,,33.99
,,,,,,,
,GST Subtotal,,,,,33.99,
,,,,,,,
,GST Amount,,,,,3.09,
,,,,,,,
,,,,,,,
,EFTPOS,,,,,33.99,
,,,,,,,
,,,,,,,
2022-12-13 14:54:18,,,202,191926,TODD K,,
,,,,,,,
6030078,,GREAT NTHN MID CAN 6PK,,,,,16.990000000000002
,,,,,,,
,GST Subtotal,,,,,16.990000000000002,
,,,,,,,
,,,,,,,
,,,,,,,
,GST Amount,,,,,0.91,
,CASH,,,,,50.0,
,Change,,,,,40.0,
,,,,,,,
,,,,,,,
2022-12-13 15:22:09,,,201,616008,TODD K,,
,,,,,,,
,SOMERSBY APPLE CAN 10PK,,,,,24.990000000000002,
,GST Subtotal,,,,,24.990000000000002,
,GST Amount,,,,,2.27,
,EFTPOS,,,,,24.990000000000002,
,,,,,,,
2022-12-13 15:22:44,,,202,191937,TODD K,,
,,,,,,,
6310867,,SMIRNOFF SELTZER MANGO CAN 4PK,,,,,18.990000000000002
,,,,,,,
5342,,0.01  P49 1 FOR $19.00,,,,,
,,,,,,,
,,,,,,,
,P49 1 FOR $19.00,,,,,0.01,
,GST Subtotal,,,,,19.0,
,GST Amount,,,,,1.73,
VOID,,,,,,,
6310257,,JDANIEL DBL JACK CAN 4PK,,,,,27.490000000000002
,EFTPOS,,,,,19.0,
,,,,,,,
,,,,,,,
2022-12-13 15:23:10,,,202,191938,TODD K,,
,,,,,,,
6020035,,XXXX GOLD CAN 6PK,,,,,10
,GST Subtotal,,,,,10.0,
,GST Amount,,,,,0.91,
,EFTPOS,,,,,10.0,
,,,,,,,
2022-12-13 15:23:19,,,201,616009,TODD K,,
,,,,,,,
6030061,,CORONA MEX STUB CTN,,,,,66.99
,,,,,,,
8345,,-4.99  P43 1 FOR $62.00,,,,,
,,,,,,,
6030061,,CORONA MEX STUB CTN,,,,,66.99
,,,,,,,
,,,,,,,
,-4.99  P43 1 FOR $62.00,,,,,,
8345,,P43 1 FOR $62.00,,,,,
,,,,2,,-9.98,
,GST Subtotal,,,,,124.0,
,GST Amount,,,,,11.27,
,EFTPOS,,,,,124.0,
,,,,,,,
,,202,191939,TODD K,,,
,,,,,,,
6311113,,CAPT MORGAN TROP WMELN CAN 4PK,,,,,19.990000000000002
,ROUNDING,,,,,0.01,
,GST Subtotal,,,,,19.990000000000002,
,GST Amount,,,,,1.82,
,CASH,,,,,20.0,
,,,,,,,
2022-12-13 15:23:55,,,201,616010,TODD K,,
,,,,,,,
,,,,,,,
,FLASHBACK SOUR GRAPE 500ML SGL,,,,,10.5,
6310498,,WSTOCK COLA 4.8% CAN 10 PK,,,,,39.99
6758,,-4.99  P49 1 FOR $35.00,,,,,
6758,,P49 1 FOR $35.00,,,,,-4.99
,GST Subtotal,,,,,45.5,
,GST Amount,,,,,4.14,
,,,,,,,
,CASH,,,,,50.0,
,,,,,,,
,Change,,,,,4.5,
,,,,,,,
,,,,,,,
2022-12-13 15:23:56,,,202,191940,TODD K,,
,,,,,,,
6310240,,JDANIEL COLA 500ML CAN SGL,,,,,9
,GST Subtotal,,,,,9.0,
,GST Amount,,,,,0.8200000000000001,
,,,,,,,
,EFTPOS,,,,,9.0,
,,,,,,,
,,,,,,,
2022-12-13 15:26:12,,,202,191941,TODD K,,
,,,,,,,
6310642,,JAMESON RAW COLA 4PK,,,,,23.990000000000002
,ROUNDING,,,,,0.01,
,GST Subtotal,,,,,23.990000000000002,
,GST Amount,,,,,2.18,
,,,,,,,
,CASH,,,,,24.0,
,,,,,,,
,,,,,,,
2022-12-13 15:26:33,,,201,616011,TODD K,,
,,,,,,,
,STRONGBOW LOW CARB CIDER 10PK,,,,,26.5,
,-6.50  SKIRMISH/BSHOP,,,,,,
,SKIRMISH/BSHOP,,,,,-6.5,
,GST Subtotal,,,,,20.0,
,GST Amount,,,,,1.82,
,EFTPOS,,,,,20.0,
,,,,,,,
,,201,616012,TODD K,,,
6020035,,XXXX GOLD CAN 6PK,,,,,10
,GST Subtotal,,,,,10.0,
,GST Amount,,,,,0.91,
,CASH,,,,,10.0,
,,,,,,,
2022-12-13 15:26:59,,,202,191942,TODD K,,
,,,,,,,
,,,,,,,
,GREAT NTHN ORIGINAL CAN 6PK,,,,,17.490000000000002,
,GST Subtotal,,,,,17.490000000000002,
,GST Amount,,,,,1.59,
VOID,,,,,,,
,GREAT NTHN MID CAN 6PK,,,,,16.990000000000002,
,EFTPOS,,,,,17.490000000000002,
,,,,,,,
2022-12-13 15:29:37,,,201,616013,TODD K,,
,,,,,,,
6210413,,ARKTIKA VODKA 150ML,,,,,13.99
,,,,,,,
,5% BSHOP L.LEGEND,,,,,-0.7000000000000001,
,,,,,,,
,ROUNDING,,,,,0.01,
,,,,,,,
,,,,,,,
,GST Subtotal,,,,,13.290000000000001,
,GST Amount,,,,,1.21,
,CASH,,,,,20.0,
,Change,,,,,6.7,
,,,,,,,
2022-12-13 15:30:16,,,202,191943,TODD K,,
,,,,,,,
6020063,,STELLA ARTOIS 6PK,,,,,19.990000000000002
,,,,,,,
,GST Subtotal,,,,,19.990000000000002,
,,,,,,,
,,,,,,,
,GST Amount,,,,,1.82,
,EFTPOS,,,,,19.990000000000002,
,,,,,,,
2022-12-13 15:30:29,,,201,616014,TODD K,,
,,,,,,,
6716,,-2.99  P49 1 FOR $19.00,,,,,
,BENTSPOKE SPROCKET CAN 4PK,,,,,27.990000000000002,
6716,,P49 1 FOR $19.00,,,,,-2.99
,GST Subtotal,,,,,81.99,
,GST Amount,,,,,7.45,
,EFTPOS,,,,,81.99,
,,,,,,,
2022-12-13 15:40:32,,,201,616019,TODD K,,
,,,,,,,
6020178,,VOODOO RANGER IPA CAN SGL,,,,,8
,,,,,,,
,-4.00  SKIRMISH/BSHOP,,,,,,
,,,,,,,
6040313,,BALTER XPA CAN SGL,,,,,8
,,,,,,,
,-4.00  SKIRMISH/BSHOP,,,,,,
,,,,,,,
,,,,,,,
,BALTER IBA LIMIT HAZY CAN SGL,,,,,8.5,
,-4.25  SKIRMISH/BSHOP,,,,,,
,VOODOO RANGER HAZY CAN SGL,,,,,8.0,
,-4.00  SKIRMISH/BSHOP,,,,,,
6040878,,YOUNG HENRYS HAZY PALE CAN SGL,,,,,8
,-4.00  SKIRMISH/BSHOP,,,,,,
6030216,,4 PINES HAZY PALE CAN SGL,,,,,7.5
,-3.76  SKIRMISH/BSHOP,,,,,,
,SKIRMISH/BSHOP,,,,,-24.01,
,GST Subtotal,,,,,23.990000000000002,
,,,,,,,
,GST Amount,,,,,2.18,
,,,,,,,
,EFTPOS,,,,,23.990000000000002,
,,,,,,,
,,,,,,,
2022-12-13 15:40:33,,,202,191951,TODD K,,
,,,,,,,
6400192,,UPSIDE DOWN SAUV BLANC,,,,,14.99
,-4.99  P49 2 FOR $10.00 EA,,,,,,
6400192,,UPSIDE DOWN SAUV BLANC,,,,,14.99
5327,,-4.99  P49 2 FOR $10.00 EA,,,,,
6400396,,19 CRIMES HARD SAUV BLOCK,,,,,15.99
8363,,-3.99  P43 1 FOR $12.00,,,,,
8363,,P43 1 FOR $12.00,,,,,-3.99
5327,,P49 2 FOR $10.00 EA,,,,,-9.98
,GST Subtotal,,,,,32.0,
,,,,,,,
,GST Amount,,,,,2.91,
,,,,,,,
,EFTPOS,,,,,32.0,
,,,,,,,
,,,,,,,
2022-12-13 15:41:40,,,201,616020,TODD K,,
,,,,,,,
6310443,,UDL CAN 6PK,,,,,25.990000000000002
,GST Subtotal,,,,,25.990000000000002,
,GST Amount,,,,,2.36,
,EFTPOS,,,,,25.990000000000002,
,,,,,,,
2022-12-13 15:42:09,,,201,616021,TODD K,,
,,,,,,,
,,,,,,,
,GREAT NTHN ORIGINAL STUB CTN,,,,,59.99,
8347,,-5.99  P43 1 FOR $54.00,,,,,
6210358,,ST REMY VSOP BRANDY 700ML,,,,,45.99
8347,,P43 1 FOR $54.00,,,,,-5.99
,GST Subtotal,,,,,99.99000000000001,
,GST Amount,,,,,9.09,
,EFTPOS,,,,,99.99000000000001,
,,,,,,,
,,,,,,,
2022-12-13 15:42:31,,,202,191952,TODD K,,
,,,,,,,
,XXXX GOLD CAN 6PK,,,,,10.0,
6020035,,XXXX GOLD CAN 6PK,,,,,10
6020035,,XXXX GOLD CAN 6PK,,,,,10
6020035,,XXXX GOLD CAN 6PK,,,,,10
6020035,,XXXX GOLD CAN 6PK,,,,,10
,GST Subtotal,,,,,50.0,
,,,,,,,
,GST Amount,,,,,4.55,
,,,,,,,
,CASH,,,,,50.0,
,,,,,,,
,,,,,,,
2022-12-13 15:43:23,,,202,191953,TODD K,,
,,,,,,,
6310740,,JBEAM ZERO COLA CAN 24PK CUBE,,,,,91.99
,5% BSHOP L.LEGEND,,,,,-4.6000000000000005,
,GST Subtotal,,,,,87.39,
,GST Amount,,,,,7.94,
,EFTPOS,,,,,87.39,
,,,,,,,
,,,,,,,
2022-12-13 15:45:07,,,202,191954,TODD K,,
,,,,,,,
6030072,,CARL DRT 750ML EA,,,,,7.5
,GST Subtotal,,,,,7.5,
,GST Amount,,,,,0.68,
,CASH,,,,,7.5,
,,,,,,,
,,202,191955,TODD K,,,
6020044,,TOOHEYS NEW 750 ML 3PK,,,,,21
,5% BSHOP L.LEGEND,,,,,-1.05,
,GST Subtotal,,,,,19.95,
,GST Amount,,,,,1.81,
,EFTPOS,,,,,19.95,
,,,,,,,
2022-12-13 15:46:39,,,201,616022,TODD K,,
,,,,,,,
6310901,,AMPERSAND VODKA SODA 4PK,,,,,21.990000000000002
,,,,,,,
,,,,,,,
,AMPERSAND VODKA SODA 4PK,,,,,21.990000000000002,
,GST Subtotal,,,,,43.980000000000004,
,GST Amount,,,,,4.0,
,EFTPOS,,,,,43.980000000000004,
,,,,,,,
2022-12-13 15:46:58,,,201,616023,TODD K,,
,,,,,,,
6100119,,SOMERSBY PEAR CIDER CAN 10PK,,,,,24.990000000000002
,,,,,,,
6030076,,GREAT NTHN MID 30 BLOCK,,,,,60.99
,,,,,,,
,,,,,,,
,-6.99  P49 1 FOR $54.00,,,,,,
6621,,P49 1 FOR $54.00,,,,,-6.99
,ROUNDING,,,,,0.01,
,GST Subtotal,,,,,78.99,
,GST Amount,,,,,7.18,
,CASH,,,,,100.0,
,,,,,,,
,Change,,,,,21.0,
,,,,,,,
,,,,,,,
2022-12-13 15:47:52,,,201,616024,TODD K,,
,,,,,,,
,,,,,,,
6200042,,VOK 500ML,,,,,26.990000000000002
,KRAKEN BLK SPICED RUM,,,,,64.99,
6675,,-9.99  P49 1 FOR $55.00,,,,,
6675,,P49 1 FOR $55.00,,,,,-9.99
,GST Subtotal,,,,,111.99000000000001,
,GST Amount,,,,,10.18,
,EFTPOS,,,,,111.99000000000001,
,,,,,,,
,,,,,,,
2022-12-13 16:00:41,,,202,191967,TODD K,,
,,,,,,,
6310135,,CCLUB DRY CAN 10PK,,,,,45.99
,GST Subtotal,,,,,45.99,
,GST Amount,,,,,4.18,
,EFTPOS,,,,,45.99,
,,,,,,,
,,,,,,,
2022-12-13 16:01:01,,,202,191968,TODD K,,
,,,,,,,
6310514,,WSTOCK/COLA 6% 10PK,,,,,48.99
8327,,-5.99  P43 1 FOR $43.00,,,,,
,P43 1 FOR $43.00,,,,,-5.99,
,GST Subtotal,,,,,43.0,
,GST Amount,,,,,3.91,
,EFTPOS,,,,,43.0,
,,,,,,,
,,,,,,,
2022-12-13 16:01:43,,,202,191969,TODD K,,
,,,,,,,
6030073,,GREAT NTHN MID STUB CTN,,,,,53.99
,GST Subtotal,,,,,53.99,
,GST Amount,,,,,4.91,
,EFTPOS,,,,,53.99,
,,,,,,,
,,,,,,,
2022-12-13 16:01:51,,,201,616028,TODD K,,
,,,,,,,
6040046,,COOPERS SPK TALLIES EA,,,,,7.5
,GST Subtotal,,,,,7.5,
,GST Amount,,,,,0.68,
,,,,,,,
,,,,,,,
6410114,,HARDYS VR SHIRAZ 1LT,,,,,10.99
,,,,,,,
VOID,,,,,,,
,,,,,,,
6420082,,BROWN BROS SMR PROSECCO,,,,,21.990000000000002
,,,,,,,
,EFTPOS,,,,,7.5,
,,,,,,,
,,,,,,,
2022-12-13 16:02:25,,,202,191970,TODD K,,
,,,,,,,
,XXXX GOLD CAN 6PK,,,,,10.0,
,,,,,,,
6020035,,XXXX GOLD CAN 6PK,,,,,10
,,,,,,,
,GST Subtotal,,,,,20.0,
,,,,,,,
,GST Amount,,,,,1.82,
,,,,,,,
,EFTPOS,,,,,20.0,
,,,,,,,
,,,,,,,
2022-12-13 16:03:54,,,201,616029,TODD K,,
,,,,,,,
6040314,,BALTER XPA CAN 4PK,,,,,21.990000000000002
6716,,-2.99  P49 1 FOR $19.00,,,,,
6716,,P49 1 FOR $19.00,,,,,-2.99
,GST Subtotal,,,,,19.0,
,GST Amount,,,,,1.73,
,,,,,,,
VOID,,,,,,,
,,,,,,,
6410114,,HARDYS VR SHIRAZ 1LT,,,,,10.99
,,,,,,,
VOID,,,,,,,
,,,,,,,
6420082,,BROWN BROS SMR PROSECCO,,,,,21.990000000000002
,,,,,,,
,EFTPOS,,,,,19.0,
,,,,,,,
,,,,,,,
,,,,,,,
2022-12-13 16:06:09,,,202,191971,TODD K,,
,,,,,,,
6030197,,4 PINES PACIFIC ALE CAN 6PK,,,,,21.990000000000002
,,,,,,,
,GST Subtotal,,,,,21.990000000000002,
,,,,,,,
,GST Amount,,,,,2.0,
,,,,,,,
,AMEX,,,,,21.990000000000002,
,,,,,,,
,,,,,,,
2022-12-13 16:07:12,,,202,191972,TODD K,,
,,,,,,,
,,,,,,,
6400401,,BERTON METAL SAUV BLANC,,,,,13.99
,,,,,,,
8597,,-2.99  BERTON METAL 2 FOR $22,,,,,
,,,,,,,
6400401,,BERTON METAL SAUV BLANC,,,,,13.99
,,,,,,,
8597,,-2.99  BERTON METAL 2 FOR $22,,,,,
,,,,,,,
6400105,,YELLOW TAIL SAUV BLANC,,,,,11.99
,,,,,,,
5852,,-2.99  P43 1 FOR $9.00,,,,,
,,,,,,,
,,,,,,,
8597,,BERTON METAL 2 FOR $22,,,,,-5.98
,,,,,,,
5852,,P43 1 FOR $9.00,,,,,-2.99
,,,,,,,
,GST Subtotal,,,,,31.0,
,,,,,,,
,GST Amount,,,,,2.82,
,,,,,,,
,CASH,,,,,50.0,
,,,,,,,
,Change,,,,,19.0,
,,,,,,,
,,,,,,,
2022-12-13 16:08:29,,,202,191973,TODD K,,
,,,,,,,
,,,,,,,
6040168,,COOPERS SESSION ALE 6PK,,,,,20.990000000000002
,,,,,,,
6311242,,BUNDY LEMON LIM BITTER CAN SGL,,,,,7
,,,,,,,
6311242,,BUNDY LEMON LIM BITTER CAN SGL,,,,,7
,,,,,,,
,GST Subtotal,,,,,34.99,
,,,,,,,
,GST Amount,,,,,3.18,
,,,,,,,
,EFTPOS,,,,,34.99,
,,,,,,,
,,,,,,,
2022-12-13 16:08:55,,,202,191974,TODD K,,
,,,,,,,
,,,,,,,
6420036,,MOET CHANDON BRUT NV,,,,,77.99
,,,,,,,
6661,,-12.99  P49 1 FOR $65.00,,,,,
,,,,,,,
6661,,P49 1 FOR $65.00,,,,,-12.99
,,,,,,,
,GST Subtotal,,,,,65.0,
,,,,,,,
,GST Amount,,,,,5.91,
,,,,,,,
,,,,,,,
,EFTPOS,,,,,65.0,
,,,,,,,
,,,,,,,
2022-12-13 16:10:05,,,202,191975,TODD K,,
,,,,,,,
6020035,,XXXX GOLD CAN 6PK,,,,,10
,,,,,,,
,GST Subtotal,,,,,10.0,
,,,,,,,
,GST Amount,,,,,0.91,
,,,,,,,
,EFTPOS,,,,,10.0,
,,,,,,,
,,,,,,,
2022-12-13 16:12:21,,,202,191976,TODD K,,
,,,,,,,
6410280,,ST HALLETT BLACK CLAY SHIRAZ,,,,,19.990000000000002
,,,,,,,
,,,,,,,
,-5.99  P49 2 FOR $14.00 EA,,,,,,
,,,,,,,
,,,,,,,
,,,,,,,
2022-12-13 16:23:18,,,202,191987,TODD K,,
,,,,,,,
6040025,,COOPERS SPARKLING ALE CTN,,,,,66.99
,,,,,,,
6040167,,COOPERS SESSION ALE CTN,,,,,63.99
,,,,,,,
6614,,-10.99  P49 1 FOR $53.00,,,,,
,,,,,,,
6614,,P49 1 FOR $53.00,,,,,-10.99
,,,,,,,
,GST Subtotal,,,,,119.99000000000001,
,,,,,,,
,GST Amount,,,,,10.91,
,,,,,,,
,EFTPOS,,,,,119.99000000000001,
,,,,,,,
,,,,,,,
2022-12-13 16:23:47,,,202,191988,TODD K,,
,,,,,,,
6210120,,SKYY VODKA 700ML,,,,,43.99
,,,,,,,
6729,,-4.99  P49 1 FOR $39.00,,,,,
,,,,,,,
6420047,,JACOBS CK RES P/CHARD,,,,,16.990000000000002
,,,,,,,
,,,,,,,
6745,,-3.99  P49 1 FOR $13.00,,,,,
,,,,,,,
6729,,P49 1 FOR $39.00,,,,,-4.99
,,,,,,,
6745,,P49 1 FOR $13.00,,,,,-3.99
,,,,,,,
,GST Subtotal,,,,,52.0,
,,,,,,,
,GST Amount,,,,,4.73,
,,,,,,,
,EFTPOS,,,,,52.0,
,,,,,,,
,,,,,,,
2022-12-13 16:27:06,,,202,191989,TODD K,,
,,,,,,,
6310257,,JDANIEL DBL JACK CAN 4PK,,,,,27.490000000000002
,,,,,,,
,GST Subtotal,,,,,27.490000000000002,
,,,,,,,
,GST Amount,,,,,2.5,
,,,,,,,
,EFTPOS,,,,,27.490000000000002,
,,,,,,,
,,,,,,,
2022-12-13 16:27:08,,,201,616031,TODD K,,
,,,,,,,
,,,,,,,
6600027,,CC'S TASTY CHEESE 175G,,,,,4.5
,,,,,,,
6600024,,SAMBOY BBQ BLAST 175G,,,,,4.5
,,,,,,,
6310097,,BUNDY OP/COLA 6.0% CAN EA,,,,,8.5
,,,,,,,
6040353,,PERONI NASTRO 500ML CAN 6PK,,,,,27.990000000000002
,,,,,,,
,GST Subtotal,,,,,45.49,
,,,,,,,
,GST Amount,,,,,4.14,
,,,,,,,
,EFTPOS,,,,,45.49,
,,,,,,,
,,,,,,,
2022-12-13 16:27:37,,,201,616032,TODD K,,
,,,,,,,
6310378,,SMIRN RED 4.5% CAN 6PK,,,,,29.990000000000002
,,,,,,,
,ROUNDING,,,,,0.01,
,,,,,,,
,GST Subtotal,,,,,29.990000000000002,
,,,,,,,
,GST Amount,,,,,2.73,
,,,,,,,
,CASH,,,,,30.0,
,,,,,,,
,,,,,,,
2022-12-13 16:29:08,,,202,191990,TODD K,,
,,,,,,,
,,,,,,,
6020151,,J SQUIRE 150 LASHES CAN CTN,,,,,62.99
,,,,,,,
,5% BSHOP L.LEGEND,,,,,-3.15,
,,,,,,,
,GST Subtotal,,,,,59.84,
,,,,,,,
,GST Amount,,,,,5.44,
,,,,,,,
,EFTPOS,,,,,59.84,
,,,,,,,
,,,,,,,
,,,,,,,
,,202,191991,TODD K,,,
,,,,,,,
6400043,,TAYLORS EST CHARD,,,,,21.990000000000002
,,,,,,,
,,,,,,,
,,,,,,,
,-5.99  P49 1 FOR $16.00,,,,,,
,,,,,,,
6400043,,TAYLORS EST CHARD,,,,,21.990000000000002
,,,,,,,
,,,,,,,
,,,,,,,
6663,,-5.99  P49 1 FOR $16.00,,,,,
,,,,,,,
6663,,P49 1 FOR $16.00,,,,,
,,,,,,,
,,,,2,,-11.98,
,GST Subtotal,,,,,32.0,
,,,,,,,
,,,,,,,
,GST Amount,,,,,2.91,
,,,,,,,
,EFTPOS,,,,,32.0,
,,,,,,,
,,,,,,,
2022-12-13 16:30:11,,,202,191992,TODD K,,
,,,,,,,
6020035,,XXXX GOLD CAN 6PK,,,,,10
,,,,,,,
,GST Subtotal,,,,,10.0,
,,,,,,,
,GST Amount,,,,,0.91,
,,,,,,,
,CASH,,,,,10.0,
,,,,,,,
,,,,,,,
2022-12-13 16:31:06,,,202,191993,TODD K,,
,,,,,,,
,,,,,,,
6310530,,WTURKEY 101 CAN 4PK,,,,,28.990000000000002
,,,,,,,
,GST Subtotal,,,,,28.990000000000002,
,,,,,,,
,GST Amount,,,,,2.64,
,,,,,,,
,EFTPOS,,,,,28.990000000000002,
,,,,,,,
,,,,,,,
2022-12-13 16:31:47,,,202,191994,TODD K,,
,,,,,,,
,,,,,,,
6420111,,TWO TRUTHS NV CHARDONNAY PINOT,,,,,11.99
,,,,,,,
,-2.00  SKIRMISH/BSHOP,,,,,,
,,,,,,,
6420111,,TWO TRUTHS NV CHARDONNAY PINOT,,,,,11.99
,,,,,,,
,-2.00  SKIRMISH/BSHOP,,,,,,
,,,,,,,
,SKIRMISH/BSHOP,,,,,-4.0,
,,,,,,,
,GST Subtotal,,,,,19.98,
,,,,,,,
,GST Amount,,,,,1.82,
,,,,,,,
,,,,,,,
,EFTPOS,,,,,19.98,
,,,,,,,
,,,,,,,
2022-12-13 16:32:14,,,201,616033,TODD K,,
,,,,,,,
6450031,,DEBORTOLI COL CHARD 4LT,,,,,21.990000000000002
,,,,,,,
5634,,-3.99  P43 2 FOR $18.00 EA,,,,,
,,,,,,,
6450031,,DEBORTOLI COL CHARD 4LT,,,,,21.990000000000002
,,,,,,,
5634,,-3.99  P43 2 FOR $18.00 EA,,,,,
,,,,,,,
,,,,,,,
5634,,P43 2 FOR $18.00 EA,,,,,-7.98
,,,,,,,
,GST Subtotal,,,,,36.0,
,,,,,,,
,GST Amount,,,,,3.27,
,,,,,,,
,EFTPOS,,,,,36.0,
,,,,,,,
,,,,,,,
2022-12-13 16:32:59,,,202,191995,TODD K,,
,,,,,,,
6030053,,GREAT NTHN ORIGINAL STUB 6PK,,,,,20.490000000000002
,,,,,,,
,GST Subtotal,,,,,20.490000000000002,
,,,,,,,
,GST Amount,,,,,1.86,
,,,,,,,
,EFTPOS,,,,,20.490000000000002,
,,,,,,,
,,,,,,,
,,,,,,,
2022-12-13 16:35:22,,,202,191996,TODD K,,
,,,,,,,
6040168,,COOPERS SESSION ALE 6PK,,,,,20.990000000000002
,,,,,,,
,5% BSHOP L.LEGEND,,,,,-1.05,
,,,,,,,
6310097,,BUNDY OP/COLA 6.0% CAN EA,,,,,8.5
,,,,,,,
,5% BSHOP L.LEGEND,,,,,-0.43,
,,,,,,,
,,,,,,,
,5% BSHOP L.LEGEND,,,,,-0.1,
,GST Subtotal,,,,,95.94,
,GST Amount,,,,,8.72,
,EFTPOS,,,,,95.94,
,,,,,,,
2022-12-13 16:55:20,,,202,192008,TODD K,,
,,,,,,,
,,,,,,,
,CCLUB DRY 500ML BTL SGL,,,,,7.5,
,GST Subtotal,,,,,7.5,
,GST Amount,,,,,0.68,
,,,,,,,
,CASH,,,,,7.5,
,,,,,,,
,,,,,,,
2022-12-13 16:56:03,,,202,192009,TODD K,,
,,,,,,,
6040295,,COOPERS PALE ALE CAN 6PK,,,,,19.990000000000002
,GST Subtotal,,,,,19.990000000000002,
,GST Amount,,,,,1.82,
,EFTPOS,,,,,19.990000000000002,
,,,,,,,
,,201,616037,TODD K,,,
6311182,,STRONGBOW SELTZ PINE CAN 4PK,,,,,17.990000000000002
,5% BSHOP L.LEGEND,,,,,-0.9,
6310460,,CRUISER BTL CTN,,,,,85.99
,5% BSHOP L.LEGEND,,,,,-4.3,
,GST Subtotal,,,,,98.78,
,GST Amount,,,,,8.98,
,EFTPOS,,,,,98.78,
,,,,,,,
,,,,,,,
2022-12-13 16:58:43,,,202,192010,TODD K,,
,,,,,,,
6420016,,JACOBS CK CHARD P/N 750,,,,,13.99
5629,,-4.99  P43 2 FOR $9.00 EA,,,,,
6420016,,JACOBS CK CHARD P/N 750,,,,,13.99
,-4.99  P43 2 FOR $9.00 EA,,,,,,
,,,,,,,
6400296,,ST AUGUSTUS SAUV BLANC,,,,,13.99
,,,,,,,
6400296,,ST AUGUSTUS SAUV BLANC,,,,,13.99
,,,,,,,
6310258,,JDANIEL DBL JACK CAN EA,,,,,9
,,,,,,,
5629,,P43 2 FOR $9.00 EA,,,,,-9.98
,,,,,,,
,GST Subtotal,,,,,54.980000000000004,
,,,,,,,
,,,,,,,
,GST Amount,,,,,5.0,
,,,,,,,
,EFTPOS,,,,,54.980000000000004,
,,,,,,,
,,,,,,,
2022-12-13 16:58:49,,,201,616038,TODD K,,
,,,,,,,
6310290,,LITTLE FAT LAMB 1.25LT S/LIME,,,,,8.99
,,,,,,,
414,,-2.99  LITTLE FAT LAMB 2 FOR $12,,,,,
,,,,,,,
6310290,,LITTLE FAT LAMB 1.25LT S/LIME,,,,,8.99
,,,,,,,
414,,-2.99  LITTLE FAT LAMB 2 FOR $12,,,,,
,,,,,,,
,,,,,,,
414,,LITTLE FAT LAMB 2 FOR $12,,,,,-5.98
,,,,,,,
,GST Subtotal,,,,,12.0,
,,,,,,,
,GST Amount,,,,,1.09,
,,,,,,,
,EFTPOS,,,,,12.0,
,,,,,,,
,,,,,,,
2022-12-13 17:00:55,,,202,192011,TODD K,,
,,,,,,,
6030004,,GREAT NTHN ORIGINAL CAN 30CTN,,,,,66.99
,,,,,,,
,5% BSHOP L.LEGEND,,,,,-3.35,
,,,,,,,
,,,,,,,
,GST Subtotal,,,,,63.64,
,,,,,,,
,GST Amount,,,,,5.79,
,,,,,,,
,EFTPOS,,,,,63.64,
,,,,,,,
,,,,,,,
2022-12-13 17:01:01,,,201,616039,TODD K,,
,,,,,,,
6040583,,10 TOES PIPELINE PALE CAN CTN,,,,,95.99000000000001
,,,,,,,
,ROUNDING,,,,,0.01,
,,,,,,,
,,,,,,,
,GST Subtotal,,,,,95.99000000000001,
,,,,,,,
,GST Amount,,,,,8.73,
,,,,,,,
,CASH,,,,,100.0,
,,,,,,,
,Change,,,,,4.0,
,,,,,,,
,,,,,,,
2022-12-13 17:01:23,,,202,192012,TODD K,,
,,,,,,,
6030047,,CARL DRY BTL 6PK,,,,,18.990000000000002
,,,,,,,
,GST Subtotal,,,,,18.990000000000002,
,,,,,,,
,GST Amount,,,,,1.73,
,,,,,,,
,EFTPOS,,,,,18.990000000000002,
,,,,,,,
,,,,,,,
,,,,,,,
2022-12-13 17:01:38,,,202,192013,TODD K,,
,,,,,,,
6030047,,CARL DRY BTL 6PK,,,,,18.990000000000002
,,,,,,,
,ROUNDING,,,,,0.01,
,,,,,,,
,GST Subtotal,,,,,18.990000000000002,
,,,,,,,
,GST Amount,,,,,1.73,
,,,,,,,
,CASH,,,,,19.0,
,,,,,,,
,,,,,,,
,,,,,,,
2022-12-13 17:02:11,,,202,192014,TODD K,,
,,,,,,,
6030053,,GREAT NTHN ORIGINAL STUB 6PK,,,,,19.490000000000002
,,,,,,,
,GST Subtotal,,,,,19.490000000000002,
,,,,,,,
,GST Amount,,,,,1.77,
,,,,,,,
,EFTPOS,,,,,19.490000000000002,
,,,,,,,
,,,,,,,
2022-12-13 17:02:52,,,202,192015,TODD K,,
,,,,,,,
,,,,,,,
6310495,,WSTOCK COLA 12% CAN 4PK,,,,,22.990000000000002
,,,,,,,
,GST Subtotal,,,,,22.990000000000002,
,,,,,,,
,GST Amount,,,,,2.09,
,,,,,,,
,EFTPOS,,,,,22.990000000000002,
,,,,,,,
,,,,,,,
2022-12-13 17:04:15,,,202,192016,TODD K,,
,,,,,,,
,,,,,,,
,GREAT NTHN MID 700ML,,,,,7.5,
,,,,,,,
,GST Subtotal,,,,,7.5,
,,,,,,,
,,,,,,,
,GST Amount,,,,,0.68,
,,,,,,,
,EFTPOS,,,,,7.5,
,,,,,,,
,,,,,,,
2022-12-13 17:04:44,,,202,192017,TODD K,,
,,,,,,,
6030101,,GREAT NTHN MID 700ML,,,,,7
,GST Subtotal,,,,,7.0,
,GST Amount,,,,,0.64,
,EFTPOS,,,,,7.0,
,,,,,,,
,,,,,,,
2022-12-13 17:06:57,,,202,192018,TODD K,,
,,,,,,,
6020035,,XXXX GOLD CAN 6PK,,,,,10
6020035,,XXXX GOLD CAN 6PK,,,,,10
,GST Subtotal,,,,,52.99,
,GST Amount,,,,,4.82,
,EFTPOS,,,,,52.99,
,,,,,,,
,,202,192030,TODD K,,,
6020173,,J SQUIRE SHACKLES STUB 6PK,,,,,20.990000000000002
,GST Subtotal,,,,,20.990000000000002,
,GST Amount,,,,,1.9100000000000001,
,EFTPOS,,,,,20.990000000000002,
,,,,,,,
2022-12-13 17:18:03,,,201,616043,TODD K,,
,,,,,,,
6311270,,FIREBALL APPLE 6.6% CAN SGL,,,,,9.5
,,,,,,,
,,,,,,,
,GST Subtotal,,,,,9.5,
,GST Amount,,,,,0.86,
,EFTPOS,,,,,9.5,
,,,,,,,
2022-12-13 17:18:58,,,202,192031,TODD K,,
,,,,,,,
6040696,,HEADS NOOSA JAP LAGER BTL CTN,,,,,73.99
,,,,,,,
,10% Item Discount 4,,,,,-7.4,
,,,,,,,
,,,,,,,
,GST Subtotal,,,,,66.59,
,GST Amount,,,,,6.05,
,EFTPOS,,,,,66.59,
,,,,,,,
2022-12-13 17:22:10,,,202,192032,TODD K,,
,,,,,,,
,VOID ENTIRE SALE,,,,,0.0,
,,,,,,,
,,,,,,,
,,,,,,,
2022-12-13 17:22:25,,,202,192033,TODD K,,
,,,,,,,
6030098,,GREAT NTHN ORIGINAL 700ML EA,,,,,7.5
,,,,,,,
,GST Subtotal,,,,,7.5,
,,,,,,,
,GST Amount,,,,,0.68,
,,,,,,,
,EFTPOS,,,,,7.5,
,,,,,,,
,,,,,,,
2022-12-13 17:22:30,,,201,616044,TODD K,,
,,,,,,,
6100140,,THREE OAKS APPLE 10PK,,,,,22.490000000000002
,,,,,,,
,GST Subtotal,,,,,22.490000000000002,
,,,,,,,
,GST Amount,,,,,2.04,
,,,,,,,
,EFTPOS,,,,,22.490000000000002,
,,,,,,,
,,,,,,,
,,,,,,,
2022-12-13 17:22:44,,,202,192034,TODD K,,
,,,,,,,
6400053,,BROWN BROS MOSCATO,,,,,18.990000000000002
,,,,,,,
5325,,-4.99  P49 2 FOR $14.00 EA,,,,,
,,,,,,,
6400053,,BROWN BROS MOSCATO,,,,,18.990000000000002
,,,,,,,
5325,,-4.99  P49 2 FOR $14.00 EA,,,,,
,,,,,,,
6030052,,GREAT NTHN ORIGINAL STUB CTN,,,,,59.99
,,,,,,,
,,,,,,,
8347,,-5.99  P43 1 FOR $54.00,,,,,
,,,,,,,
8347,,P43 1 FOR $54.00,,,,,-5.99
,,,,,,,
5325,,P49 2 FOR $14.00 EA,,,,,-9.98
,,,,,,,
,GST Subtotal,,,,,82.0,
,,,,,,,
,GST Amount,,,,,7.45,
,,,,,,,
,EFTPOS,,,,,82.0,
,,,,,,,
,,,,,,,
,,,,,,,
2022-12-13 17:22:46,,,201,616045,TODD K,,
,,,,,,,
6310186,,JBEAM BLK DBL SRV 4PK,,,,,25.490000000000002
,,,,,,,
,GST Subtotal,,,,,25.490000000000002,
,,,,,,,
,GST Amount,,,,,2.32,
,,,,,,,
,EFTPOS,,,,,25.490000000000002,
,,,,,,,
,,,,,,,
2022-12-13 17:23:26,,,201,616046,TODD K,,
,,,,,,,
6210075,,ABSOLUT VODKA 700ML,,,,,49.99
,,,,,,,
,,,,,,,
6619,,-4.99  P49 1 FOR $45.00,,,,,
,,,,,,,
6040695,,HEADS NOOSA JAP LAGER BTL 6PK,,,,,24.990000000000002
,,,,,,,
6619,,P49 1 FOR $45.00,,,,,-4.99
,,,,,,,
,GST Subtotal,,,,,69.99,
,,,,,,,
,GST Amount,,,,,6.36,
,,,,,,,
,,,,,,,
,EFTPOS,,,,,69.99,
,,,,,,,
2022-12-13 17:23:44,,,202,192035,TODD K,,
,,,,,,,
6310077,,BUNDY COLA 4.6% CAN EA,,,,,7.5
,,,,,,,
,GST Subtotal,,,,,7.5,
,,,,,,,
,GST Amount,,,,,0.68,
,,,,,,,
,CASH,,,,,10.0,
,,,,,,,
,Change,,,,,2.5,
,,,,,,,
,,,,,,,
,,,,,,,
2022-12-13 17:24:21,,,201,616047,TODD K,,
,,,,,,,
6600072,,SCHULTES CHILLI JERKY 50GM,,,,,7.99
,,,,,,,
6030022,,VB CAN 6PK,,,,,19.990000000000002
,,,,,,,
,GST Subtotal,,,,,27.98,
,,,,,,,
,GST Amount,,,,,2.54,
,,,,,,,
,,,,,,,
,EFTPOS,,,,,27.98,
,,,,,,,
2022-12-13 17:24:30,,,202,192036,TODD K,,
,,,,,,,
6310519,,WSTOCK/COLA 8% CAN 4PK,,,,,27.990000000000002
,,,,,,,
,GST Subtotal,,,,,27.990000000000002,
,,,,,,,
,GST Amount,,,,,2.54,
,,,,,,,
,EFTPOS,,,,,27.990000000000002,
,,,,,,,
,,,,,,,
,,,,,,,
2022-12-13 17:27:34,,,202,192037,TODD K,,
,,,,,,,
6420154,,BIRD IN HAND SPARK PICCOLO 3PK,,,,,24.990000000000002
,,,,,,,
6420154,,BIRD IN HAND SPARK PICCOLO 3PK,,,,,24.990000000000002
,,,,,,,
6040308,,BALTER IPA CAN 4PK,,,,,25.990000000000002
,,,,,,,
6040308,,BALTER IPA CAN 4PK,,,,,25.990000000000002
,,,,,,,
6600010,,RED ROCK SALT & VINEGAR 90G,,,,,3.99
,,,,,,,
,GST Subtotal,,,,,105.95,
,,,,,,,
,,,,,,,
,GST Amount,,,,,9.63,
,AMEX,,,,,105.95,
,,,,,,,
2022-12-13 17:28:11,,,201,616048,TODD K,,
,,,,,,,
6600024,,SAMBOY BBQ BLAST 175G,,,,,4.5
,,,,,,,
6210230,,SMIRNOFF RED 1000ML,,,,,62.99
,,,,,,,
6397,,-4.99  P49 1 FOR $58.00,,,,,
,,,,,,,
6020169,,BYRON BAY LAGER STUB 6PK,,,,,19.990000000000002
,,,,,,,
6397,,P49 1 FOR $58.00,,,,,-4.99
,,,,,,,
,,,,,,,
,GST Subtotal,,,,,82.49,
,GST Amount,,,,,7.5,
6020035,,XXXX GOLD CAN 6PK,,,,,10
,LITTLE FAT LAMB 2 FOR $12,,,,,-5.98,
,,,,,,,
,GST Subtotal,,,,,22.0,
,,,,,,,
,GST Amount,,,,,2.0,
,,,,,,,
,EFTPOS,,,,,22.0,
,,,,,,,
,,,,,,,
2022-12-13 17:36:19,,,202,192046,TODD K,,
,,,,,,,
,BUNDY OP/COLA 10PK,,,,,54.99,
,,,,,,,
,GST Subtotal,,,,,54.99,
,,,,,,,
,GST Amount,,,,,5.0,
,,,,,,,
,EFTPOS,,,,,54.99,
,,,,,,,
,,,,,,,
2022-12-13 17:40:19,,,202,192047,TODD K,,
,,,,,,,
6410276,,TEMPUS TWO SHIRAZ,,,,,16.990000000000002
5337,,-4.49  P49 2 FOR $12.50 EA,,,,,
,TEMPUS TWO CAB MERLOT,,,,,16.990000000000002,
,,,,,,,
5337,,-4.49  P49 2 FOR $12.50 EA,,,,,
,,,,,,,
5337,,P49 2 FOR $12.50 EA,,,,,-8.98
,,,,,,,
,GST Subtotal,,,,,25.0,
,,,,,,,
,GST Amount,,,,,2.27,
,,,,,,,
,EFTPOS,,,,,25.0,
,,,,,,,
,,,,,,,
2022-12-13 17:41:48,,,201,616053,TODD K,,
,,,,,,,
6020176,,XXXX DRY CAN 6PK,,,,,12
,GST Subtotal,,,,,12.0,
,,,,,,,
,GST Amount,,,,,1.09,
,,,,,,,
,EFTPOS,,,,,12.0,
,,,,,,,
,,,,,,,
2022-12-13 17:43:31,,,201,616054,TODD K,,
,,,,,,,
6310620,,SUNTORY 196 LEMON 6% CAN 4PK,,,,,20.990000000000002
,BILLSONS VODKA CAN SGL,,,,,8.0,
,,,,,,,
6310657,,WILD BOAR RUM 15% 375ML SGL,,,,,15.5
,,,,,,,
,GST Subtotal,,,,,44.49,
,,,,,,,
,GST Amount,,,,,4.04,
,,,,,,,
,EFTPOS,,,,,44.49,
,,,,,,,
,,,,,,,
2022-12-13 17:45:29,,,201,616055,TODD K,,
,,,,,,,
,,,,,,,
6040869,,BIGHEAD CAN 8PK,,,,,32.99
,,,,,,,
6310461,,CRUISER BTL 4PK,,,,,16.490000000000002
,,,,,,,
8889,,-2.49  CRUISER 4PKS 2 FOR $28,,,,,
,,,,,,,
6310461,,CRUISER BTL 4PK,,,,,16.490000000000002
,,,,,,,
8889,,-2.49  CRUISER 4PKS 2 FOR $28,,,,,
,,,,,,,
6420023,,WBLASS RED LABEL P/CHARD,,,,,12.99
,,,,,,,
5633,,-4.99  P43 2 FOR $8.00 EA,,,,,
,,,,,,,
6420023,,WBLASS RED LABEL P/CHARD,,,,,12.99
,,,,,,,
5633,,-4.99  P43 2 FOR $8.00 EA,,,,,
,,,,,,,
8889,,CRUISER 4PKS 2 FOR $28,,,,,-4.98
,,,,,,,
,,,,,,,
5633,,P43 2 FOR $8.00 EA,,,,,-9.98
,,,,,,,
,GST Subtotal,,,,,76.99,
,,,,,,,
,GST Amount,,,,,7.0,
,,,,,,,
,EFTPOS,,,,,76.99,
,,,,,,,
,,,,,,,
2022-12-13 17:46:16,,,201,616056,TODD K,,
,,,,,,,
6210575,,BUNDY LIQUEUR 700ML,,,,,55.99
,,,,,,,
,10% Item Discount 4,,,,,-5.6000000000000005,
,,,,,,,
,GST Subtotal,,,,,50.39,
,,,,,,,
,GST Amount,,,,,4.58,
,,,,,,,
,EFTPOS,,,,,50.39,
,,,,,,,
,,,,,,,
2022-12-13 17:47:40,,,202,192048,TODD K,,
,,,,,,,
,,,,,,,
6040048,,COOPERS PALE 750ML TALLIE EA,,,,,7
,,,,,,,
,GST Subtotal,,,,,7.0,
,,,,,,,
,GST Amount,,,,,0.64,
,,,,,,,
,EFTPOS,,,,,7.0,
,,,,,,,
,,,,,,,
2022-12-13 17:52:32,,,202,192049,TODD K,,
,,,,,,,
,TOOHEYS EXTRA DRY STUB CTN,,,,,51.99,
,10% Item Discount 4,,,,,-5.2,
,XXXX GOLD CAN 6PK,,,,,,
,,,,5,,50.0,
,GST Subtotal,,,,,96.79,
,GST Amount,,,,,8.8,
VOID,,,,,,,
6400505,,TAYLORS EST PINOT GRIS,,,,,21.990000000000002
,EFTPOS,,,,,96.79,
,,,,,,,
2022-12-13 17:52:50,,,202,192050,TODD K,,
,,,,,,,
,,,,,,,
,PEPPERJACK SHIRAZ,,,,,27.990000000000002,
6734,,-9.99  P49 1 FOR $18.00,,,,,
6734,,P49 1 FOR $18.00,,,,,-9.99
,GST Subtotal,,,,,18.0,
,GST Amount,,,,,1.6400000000000001,
,,,,,,,
,,,,,,,
6500006,,ICE 5kg BAG,,,,,3.99
,,,,,,,
,EFTPOS,,,,,18.0,
,,,,,,,
,,,,,,,
2022-12-13 17:53:01,,,202,192051,TODD K,,
,,,,,,,
6400505,,TAYLORS EST PINOT GRIS,,,,,21.990000000000002
6708,,-5.99  P49 1 FOR $16.00,,,,,
6708,,P49 1 FOR $16.00,,,,,-5.99
,GST Subtotal,,,,,16.0,
,,,,,,,
,GST Amount,,,,,1.45,
,,,,,,,
,EFTPOS,,,,,16.0,
,,,,,,,
,,,,,,,
2022-12-13 17:54:15,,,202,192052,TODD K,,
,,,,,,,
6310161,,GENTLEMAN JACK CAN 4PK,,,,,26.490000000000002
,GST Subtotal,,,,,26.490000000000002,
,GST Amount,,,,,2.41,
,,,,,,,
,EFTPOS,,,,,26.490000000000002,
,,,,,,,
,,,,,,,
2022-12-13 17:57:28,,,202,192053,TODD K,,
,,,,,,,
6310049,,BROOKVALE GINGER BEER 500ML EA,,,,,8
,GST Subtotal,,,,,8.0,
6040015,,PERONI NASTRO AZZURRO CTN,,,,,60.99
6631,,-11.99  P49 1 FOR $49.00,,,,,
,P49 1 FOR $49.00,,,,,-11.99,
,,,,,,,
,GST Subtotal,,,,,49.0,
,,,,,,,
,GST Amount,,,,,4.45,
,,,,,,,
,CASH,,,,,100.0,
,,,,,,,
,Change,,,,,51.0,
,,,,,,,
,,,,,,,
2022-12-13 18:28:04,,,201,616065,TODD K,,
,,,,,,,
6310654,,BEARDED LADY COLA 12% CAN SGL,,,,,11
,GST Subtotal,,,,,11.0,
,,,,,,,
,GST Amount,,,,,1.0,
,,,,,,,
,EFTPOS,,,,,11.0,
,,,,,,,
,,,,,,,
2022-12-13 18:30:25,,,201,616066,TODD K,,
,,,,,,,
6020037,,XXXX GOLD CAN CTN 30PK,,,,,50
,GST Subtotal,,,,,50.0,
,,,,,,,
,GST Amount,,,,,4.55,
,,,,,,,
,EFTPOS,,,,,50.0,
,,,,,,,
,,,,,,,
2022-12-13 18:37:36,,,201,616067,TODD K,,
,,,,,,,
NS1,,NO SALE,,,,,0
,,,,,,,
,,201,616068,TODD K,,,
6040043,,STONE & WOOD ALE 6PK,,,,,26.990000000000002
,5% BSHOP L.LEGEND,,,,,-1.35,
6311142,,BILLSONS VODKA CAN SGL,,,,,8
,5% BSHOP L.LEGEND,,,,,-0.4,
,PARTY SHOTS SGL,,,,,2.0,
,,,,,,,
,5% BSHOP L.LEGEND,,,,,-0.1,
,,,,,,,
6200004,,PARTY SHOTS SGL,,,,,2
,,,,,,,
,,,,,,,
,5% BSHOP L.LEGEND,,,,,-0.1,
,,,,,,,
,GST Subtotal,,,,,37.04,
,,,,,,,
,GST Amount,,,,,3.37,
,,,,,,,
,EFTPOS,,,,,37.04,
,,,,,,,
,,,,,,,
2022-12-13 18:53:03,,,201,616069,TODD K,,
,,,,,,,
6410081,,TAYLORS EST SHIRAZ,,,,,21.990000000000002
,,,,,,,
6649,,-5.99  P49 1 FOR $16.00,,,,,
,,,,,,,
,,,,,,,
6410081,,TAYLORS EST SHIRAZ,,,,,21.990000000000002
,,,,,,,
6649,,-5.99  P49 1 FOR $16.00,,,,,
,,,,,,,
6400043,,TAYLORS EST CHARD,,,,,21.990000000000002
,,,,,,,
6663,,-5.99  P49 1 FOR $16.00,,,,,
,,,,,,,
6400043,,TAYLORS EST CHARD,,,,,21.990000000000002
,,,,,,,
6663,,-5.99  P49 1 FOR $16.00,,,,,
,,,,,,,
6649,,P49 1 FOR $16.00,,,,,
,,,,,,,
,,,,2,,-11.98,
6663,,P49 1 FOR $16.00,,,,,
,,,,,,,
,,,,2,,-11.98,
,GST Subtotal,,,,,64.0,
,,,,,,,
,GST Amount,,,,,5.82,
,,,,,,,
,,,,,,,
,EFTPOS,,,,,64.0,
,,,,,,,
,,,,,,,
2022-12-13 18:54:08,,,201,616070,TODD K,,
,,,,,,,
NS1,,NO SALE,,,,,0
,,,,,,,
,,,,,,,
2022-12-13 18:56:19,,,201,616071,TODD K,,
,,,,,,,
6400016,,MUD HOUSE SAUV BLANC,,,,,
,,,,,,,
,,,,4,,79.96000000000001,
,,,,,,,
5635,,-19.96  P43 2 FOR $15.00 EA,,,,,
,,,,,,,
5635,,P43 2 FOR $15.00 EA,,,,,
,,,,,,,
,,,,,,,
,,,,2,,-19.96,
,GST Subtotal,,,,,60.0,
,,,,,,,
,GST Amount,,,,,5.45,
,,,,,,,
,EFTPOS,,,,,60.0,
,,,,,,,
,,,,,,,
2022-12-13 18:56:24,,,201,616072,TODD K,,
,,,,,,,
NS1,,NO SALE,,,,,0
,,,,,,,
,,,,,,,
2022-12-13 18:59:48,,,201,616073,TODD K,,
,,,,,,,
,,,,,,,
6400451,,PEPPERJACK CHARDONNAY,,,,,27.990000000000002
,,,,,,,
6751,,-9.99  P49 1 FOR $18.00,,,,,
,,,,,,,
,,,,,,,
6751,,P49 1 FOR $18.00,,,,,-9.99
,,,,,,,
,GST Subtotal,,,,,18.0,
,,,,,,,
,GST Amount,,,,,1.6400000000000001,
,,,,,,,
,EFTPOS,,,,,18.0,
,,,,,,,
,,,,,,,
2022-12-13 19:01:37,,,201,616074,TODD K,,*** End of Shift ***
,,,,,,,
,,,,,,,
,,,,,,,
,,,,,,,
,,,,,,,
,,,,,,,
,,,,,,,
,,,,,,,
,,,,,,,
,,,,,,,
,,,,,,,
,,,,,,,
,,,,,,,
,,,,,,,
,,,,,,,
,,,,,,,
,,,,,,,
,,,,,,,
,,,,,,,
,,,,,,,
,,,,,,,
,,,,,,,
,,,,,,,
,,,,,,,
,,,,,,,
,,,,,,,
,,,,,,,
,,,,,,,
,,,,,,,
,,,,,,,
,,,,,,,
,,,,,,,
,,,,,,,
,,,,,,,
,,,,,,,
